AID/agricultural/farmland_10.jpg,0
AID/agricultural/farmland_1.jpg,0
AID/agricultural/farmland_100.jpg,0
AID/agricultural/farmland_101.jpg,0
AID/agricultural/farmland_102.jpg,0
AID/agricultural/farmland_103.jpg,0
AID/agricultural/farmland_104.jpg,0
AID/agricultural/farmland_105.jpg,0
AID/agricultural/farmland_106.jpg,0
AID/agricultural/farmland_107.jpg,0
AID/agricultural/farmland_108.jpg,0
AID/agricultural/farmland_109.jpg,0
AID/agricultural/farmland_11.jpg,0
AID/agricultural/farmland_110.jpg,0
AID/agricultural/farmland_111.jpg,0
AID/agricultural/farmland_112.jpg,0
AID/agricultural/farmland_113.jpg,0
AID/agricultural/farmland_114.jpg,0
AID/agricultural/farmland_115.jpg,0
AID/agricultural/farmland_116.jpg,0
AID/agricultural/farmland_117.jpg,0
AID/agricultural/farmland_118.jpg,0
AID/agricultural/farmland_119.jpg,0
AID/agricultural/farmland_12.jpg,0
AID/agricultural/farmland_120.jpg,0
AID/agricultural/farmland_121.jpg,0
AID/agricultural/farmland_122.jpg,0
AID/agricultural/farmland_123.jpg,0
AID/agricultural/farmland_124.jpg,0
AID/agricultural/farmland_125.jpg,0
AID/agricultural/farmland_126.jpg,0
AID/agricultural/farmland_127.jpg,0
AID/agricultural/farmland_128.jpg,0
AID/agricultural/farmland_13.jpg,0
AID/agricultural/farmland_129.jpg,0
AID/agricultural/farmland_131.jpg,0
AID/agricultural/farmland_130.jpg,0
AID/agricultural/farmland_133.jpg,0
AID/agricultural/farmland_132.jpg,0
AID/agricultural/farmland_134.jpg,0
AID/agricultural/farmland_135.jpg,0
AID/agricultural/farmland_136.jpg,0
AID/agricultural/farmland_137.jpg,0
AID/agricultural/farmland_138.jpg,0
AID/agricultural/farmland_139.jpg,0
AID/agricultural/farmland_14.jpg,0
AID/agricultural/farmland_140.jpg,0
AID/agricultural/farmland_141.jpg,0
AID/agricultural/farmland_142.jpg,0
AID/agricultural/farmland_143.jpg,0
AID/agricultural/farmland_144.jpg,0
AID/agricultural/farmland_145.jpg,0
AID/agricultural/farmland_146.jpg,0
AID/agricultural/farmland_147.jpg,0
AID/agricultural/farmland_148.jpg,0
AID/agricultural/farmland_149.jpg,0
AID/agricultural/farmland_15.jpg,0
AID/agricultural/farmland_150.jpg,0
AID/agricultural/farmland_151.jpg,0
AID/agricultural/farmland_152.jpg,0
AID/agricultural/farmland_153.jpg,0
AID/agricultural/farmland_154.jpg,0
AID/agricultural/farmland_155.jpg,0
AID/agricultural/farmland_156.jpg,0
AID/agricultural/farmland_157.jpg,0
AID/agricultural/farmland_158.jpg,0
AID/agricultural/farmland_159.jpg,0
AID/agricultural/farmland_16.jpg,0
AID/agricultural/farmland_160.jpg,0
AID/agricultural/farmland_161.jpg,0
AID/agricultural/farmland_162.jpg,0
AID/agricultural/farmland_163.jpg,0
AID/agricultural/farmland_164.jpg,0
AID/agricultural/farmland_165.jpg,0
AID/agricultural/farmland_166.jpg,0
AID/agricultural/farmland_167.jpg,0
AID/agricultural/farmland_168.jpg,0
AID/agricultural/farmland_169.jpg,0
AID/agricultural/farmland_17.jpg,0
AID/agricultural/farmland_170.jpg,0
AID/baseball_diamond/baseballfield_10.jpg,1
AID/baseball_diamond/baseballfield_1.jpg,1
AID/baseball_diamond/baseballfield_100.jpg,1
AID/baseball_diamond/baseballfield_101.jpg,1
AID/baseball_diamond/baseballfield_102.jpg,1
AID/baseball_diamond/baseballfield_103.jpg,1
AID/baseball_diamond/baseballfield_104.jpg,1
AID/baseball_diamond/baseballfield_105.jpg,1
AID/baseball_diamond/baseballfield_106.jpg,1
AID/baseball_diamond/baseballfield_107.jpg,1
AID/baseball_diamond/baseballfield_108.jpg,1
AID/baseball_diamond/baseballfield_109.jpg,1
AID/baseball_diamond/baseballfield_11.jpg,1
AID/baseball_diamond/baseballfield_110.jpg,1
AID/baseball_diamond/baseballfield_111.jpg,1
AID/baseball_diamond/baseballfield_112.jpg,1
AID/baseball_diamond/baseballfield_113.jpg,1
AID/baseball_diamond/baseballfield_114.jpg,1
AID/baseball_diamond/baseballfield_115.jpg,1
AID/baseball_diamond/baseballfield_116.jpg,1
AID/baseball_diamond/baseballfield_117.jpg,1
AID/baseball_diamond/baseballfield_118.jpg,1
AID/baseball_diamond/baseballfield_119.jpg,1
AID/baseball_diamond/baseballfield_12.jpg,1
AID/baseball_diamond/baseballfield_120.jpg,1
AID/baseball_diamond/baseballfield_121.jpg,1
AID/baseball_diamond/baseballfield_122.jpg,1
AID/baseball_diamond/baseballfield_123.jpg,1
AID/baseball_diamond/baseballfield_124.jpg,1
AID/baseball_diamond/baseballfield_125.jpg,1
AID/baseball_diamond/baseballfield_126.jpg,1
AID/baseball_diamond/baseballfield_127.jpg,1
AID/baseball_diamond/baseballfield_128.jpg,1
AID/baseball_diamond/baseballfield_129.jpg,1
AID/baseball_diamond/baseballfield_13.jpg,1
AID/baseball_diamond/baseballfield_130.jpg,1
AID/baseball_diamond/baseballfield_131.jpg,1
AID/baseball_diamond/baseballfield_132.jpg,1
AID/baseball_diamond/baseballfield_133.jpg,1
AID/baseball_diamond/baseballfield_134.jpg,1
AID/baseball_diamond/baseballfield_135.jpg,1
AID/baseball_diamond/baseballfield_136.jpg,1
AID/baseball_diamond/baseballfield_137.jpg,1
AID/baseball_diamond/baseballfield_138.jpg,1
AID/baseball_diamond/baseballfield_139.jpg,1
AID/baseball_diamond/baseballfield_14.jpg,1
AID/baseball_diamond/baseballfield_140.jpg,1
AID/baseball_diamond/baseballfield_141.jpg,1
AID/baseball_diamond/baseballfield_142.jpg,1
AID/baseball_diamond/baseballfield_143.jpg,1
AID/baseball_diamond/baseballfield_144.jpg,1
AID/baseball_diamond/baseballfield_145.jpg,1
AID/baseball_diamond/baseballfield_146.jpg,1
AID/baseball_diamond/baseballfield_147.jpg,1
AID/baseball_diamond/baseballfield_148.jpg,1
AID/baseball_diamond/baseballfield_149.jpg,1
AID/baseball_diamond/baseballfield_15.jpg,1
AID/baseball_diamond/baseballfield_150.jpg,1
AID/baseball_diamond/baseballfield_151.jpg,1
AID/baseball_diamond/baseballfield_152.jpg,1
AID/baseball_diamond/baseballfield_153.jpg,1
AID/baseball_diamond/baseballfield_154.jpg,1
AID/baseball_diamond/baseballfield_155.jpg,1
AID/baseball_diamond/baseballfield_156.jpg,1
AID/baseball_diamond/baseballfield_157.jpg,1
AID/baseball_diamond/baseballfield_158.jpg,1
AID/baseball_diamond/baseballfield_159.jpg,1
AID/baseball_diamond/baseballfield_16.jpg,1
AID/baseball_diamond/baseballfield_160.jpg,1
AID/baseball_diamond/baseballfield_161.jpg,1
AID/baseball_diamond/baseballfield_162.jpg,1
AID/baseball_diamond/baseballfield_163.jpg,1
AID/baseball_diamond/baseballfield_164.jpg,1
AID/baseball_diamond/baseballfield_165.jpg,1
AID/baseball_diamond/baseballfield_166.jpg,1
AID/baseball_diamond/baseballfield_167.jpg,1
AID/baseball_diamond/baseballfield_168.jpg,1
AID/baseball_diamond/baseballfield_169.jpg,1
AID/baseball_diamond/baseballfield_17.jpg,1
AID/baseball_diamond/baseballfield_170.jpg,1
AID/beach/beach_1.jpg,2
AID/beach/beach_10.jpg,2
AID/beach/beach_100.jpg,2
AID/beach/beach_101.jpg,2
AID/beach/beach_103.jpg,2
AID/beach/beach_102.jpg,2
AID/beach/beach_104.jpg,2
AID/beach/beach_105.jpg,2
AID/beach/beach_106.jpg,2
AID/beach/beach_107.jpg,2
AID/beach/beach_108.jpg,2
AID/beach/beach_109.jpg,2
AID/beach/beach_11.jpg,2
AID/beach/beach_110.jpg,2
AID/beach/beach_111.jpg,2
AID/beach/beach_112.jpg,2
AID/beach/beach_113.jpg,2
AID/beach/beach_114.jpg,2
AID/beach/beach_115.jpg,2
AID/beach/beach_116.jpg,2
AID/beach/beach_117.jpg,2
AID/beach/beach_118.jpg,2
AID/beach/beach_119.jpg,2
AID/beach/beach_12.jpg,2
AID/beach/beach_120.jpg,2
AID/beach/beach_121.jpg,2
AID/beach/beach_122.jpg,2
AID/beach/beach_123.jpg,2
AID/beach/beach_124.jpg,2
AID/beach/beach_125.jpg,2
AID/beach/beach_126.jpg,2
AID/beach/beach_127.jpg,2
AID/beach/beach_128.jpg,2
AID/beach/beach_129.jpg,2
AID/beach/beach_13.jpg,2
AID/beach/beach_130.jpg,2
AID/beach/beach_131.jpg,2
AID/beach/beach_132.jpg,2
AID/beach/beach_133.jpg,2
AID/beach/beach_134.jpg,2
AID/beach/beach_135.jpg,2
AID/beach/beach_136.jpg,2
AID/beach/beach_138.jpg,2
AID/beach/beach_137.jpg,2
AID/beach/beach_139.jpg,2
AID/beach/beach_14.jpg,2
AID/beach/beach_140.jpg,2
AID/beach/beach_141.jpg,2
AID/beach/beach_142.jpg,2
AID/beach/beach_143.jpg,2
AID/beach/beach_144.jpg,2
AID/beach/beach_145.jpg,2
AID/beach/beach_146.jpg,2
AID/beach/beach_147.jpg,2
AID/beach/beach_148.jpg,2
AID/beach/beach_149.jpg,2
AID/beach/beach_15.jpg,2
AID/beach/beach_150.jpg,2
AID/beach/beach_151.jpg,2
AID/beach/beach_152.jpg,2
AID/beach/beach_153.jpg,2
AID/beach/beach_154.jpg,2
AID/beach/beach_155.jpg,2
AID/beach/beach_156.jpg,2
AID/beach/beach_157.jpg,2
AID/beach/beach_158.jpg,2
AID/beach/beach_159.jpg,2
AID/beach/beach_16.jpg,2
AID/beach/beach_160.jpg,2
AID/beach/beach_161.jpg,2
AID/beach/beach_162.jpg,2
AID/beach/beach_163.jpg,2
AID/beach/beach_164.jpg,2
AID/beach/beach_165.jpg,2
AID/beach/beach_166.jpg,2
AID/beach/beach_167.jpg,2
AID/beach/beach_168.jpg,2
AID/beach/beach_169.jpg,2
AID/beach/beach_17.jpg,2
AID/beach/beach_170.jpg,2
AID/dense_residential/denseresidential_1.jpg,3
AID/dense_residential/denseresidential_10.jpg,3
AID/dense_residential/denseresidential_100.jpg,3
AID/dense_residential/denseresidential_101.jpg,3
AID/dense_residential/denseresidential_102.jpg,3
AID/dense_residential/denseresidential_103.jpg,3
AID/dense_residential/denseresidential_104.jpg,3
AID/dense_residential/denseresidential_105.jpg,3
AID/dense_residential/denseresidential_106.jpg,3
AID/dense_residential/denseresidential_107.jpg,3
AID/dense_residential/denseresidential_108.jpg,3
AID/dense_residential/denseresidential_109.jpg,3
AID/dense_residential/denseresidential_11.jpg,3
AID/dense_residential/denseresidential_110.jpg,3
AID/dense_residential/denseresidential_111.jpg,3
AID/dense_residential/denseresidential_112.jpg,3
AID/dense_residential/denseresidential_113.jpg,3
AID/dense_residential/denseresidential_114.jpg,3
AID/dense_residential/denseresidential_115.jpg,3
AID/dense_residential/denseresidential_116.jpg,3
AID/dense_residential/denseresidential_117.jpg,3
AID/dense_residential/denseresidential_118.jpg,3
AID/dense_residential/denseresidential_119.jpg,3
AID/dense_residential/denseresidential_12.jpg,3
AID/dense_residential/denseresidential_120.jpg,3
AID/dense_residential/denseresidential_121.jpg,3
AID/dense_residential/denseresidential_122.jpg,3
AID/dense_residential/denseresidential_123.jpg,3
AID/dense_residential/denseresidential_124.jpg,3
AID/dense_residential/denseresidential_125.jpg,3
AID/dense_residential/denseresidential_126.jpg,3
AID/dense_residential/denseresidential_127.jpg,3
AID/dense_residential/denseresidential_128.jpg,3
AID/dense_residential/denseresidential_129.jpg,3
AID/dense_residential/denseresidential_13.jpg,3
AID/dense_residential/denseresidential_130.jpg,3
AID/dense_residential/denseresidential_131.jpg,3
AID/dense_residential/denseresidential_132.jpg,3
AID/dense_residential/denseresidential_133.jpg,3
AID/dense_residential/denseresidential_134.jpg,3
AID/dense_residential/denseresidential_135.jpg,3
AID/dense_residential/denseresidential_137.jpg,3
AID/dense_residential/denseresidential_136.jpg,3
AID/dense_residential/denseresidential_138.jpg,3
AID/dense_residential/denseresidential_139.jpg,3
AID/dense_residential/denseresidential_14.jpg,3
AID/dense_residential/denseresidential_140.jpg,3
AID/dense_residential/denseresidential_141.jpg,3
AID/dense_residential/denseresidential_142.jpg,3
AID/dense_residential/denseresidential_143.jpg,3
AID/dense_residential/denseresidential_144.jpg,3
AID/dense_residential/denseresidential_146.jpg,3
AID/dense_residential/denseresidential_145.jpg,3
AID/dense_residential/denseresidential_147.jpg,3
AID/dense_residential/denseresidential_148.jpg,3
AID/dense_residential/denseresidential_149.jpg,3
AID/dense_residential/denseresidential_15.jpg,3
AID/dense_residential/denseresidential_151.jpg,3
AID/dense_residential/denseresidential_150.jpg,3
AID/dense_residential/denseresidential_152.jpg,3
AID/dense_residential/denseresidential_153.jpg,3
AID/dense_residential/denseresidential_154.jpg,3
AID/dense_residential/denseresidential_155.jpg,3
AID/dense_residential/denseresidential_156.jpg,3
AID/dense_residential/denseresidential_157.jpg,3
AID/dense_residential/denseresidential_158.jpg,3
AID/dense_residential/denseresidential_159.jpg,3
AID/dense_residential/denseresidential_16.jpg,3
AID/dense_residential/denseresidential_160.jpg,3
AID/dense_residential/denseresidential_161.jpg,3
AID/dense_residential/denseresidential_162.jpg,3
AID/dense_residential/denseresidential_163.jpg,3
AID/dense_residential/denseresidential_164.jpg,3
AID/dense_residential/denseresidential_165.jpg,3
AID/dense_residential/denseresidential_166.jpg,3
AID/dense_residential/denseresidential_168.jpg,3
AID/dense_residential/denseresidential_167.jpg,3
AID/dense_residential/denseresidential_169.jpg,3
AID/dense_residential/denseresidential_17.jpg,3
AID/dense_residential/denseresidential_170.jpg,3
AID/forest/forest_1.jpg,4
AID/forest/forest_10.jpg,4
AID/forest/forest_100.jpg,4
AID/forest/forest_101.jpg,4
AID/forest/forest_102.jpg,4
AID/forest/forest_103.jpg,4
AID/forest/forest_104.jpg,4
AID/forest/forest_105.jpg,4
AID/forest/forest_106.jpg,4
AID/forest/forest_107.jpg,4
AID/forest/forest_108.jpg,4
AID/forest/forest_109.jpg,4
AID/forest/forest_11.jpg,4
AID/forest/forest_110.jpg,4
AID/forest/forest_111.jpg,4
AID/forest/forest_112.jpg,4
AID/forest/forest_113.jpg,4
AID/forest/forest_114.jpg,4
AID/forest/forest_115.jpg,4
AID/forest/forest_116.jpg,4
AID/forest/forest_117.jpg,4
AID/forest/forest_118.jpg,4
AID/forest/forest_119.jpg,4
AID/forest/forest_12.jpg,4
AID/forest/forest_120.jpg,4
AID/forest/forest_121.jpg,4
AID/forest/forest_122.jpg,4
AID/forest/forest_123.jpg,4
AID/forest/forest_124.jpg,4
AID/forest/forest_125.jpg,4
AID/forest/forest_126.jpg,4
AID/forest/forest_127.jpg,4
AID/forest/forest_128.jpg,4
AID/forest/forest_129.jpg,4
AID/forest/forest_13.jpg,4
AID/forest/forest_130.jpg,4
AID/forest/forest_131.jpg,4
AID/forest/forest_132.jpg,4
AID/forest/forest_133.jpg,4
AID/forest/forest_134.jpg,4
AID/forest/forest_135.jpg,4
AID/forest/forest_136.jpg,4
AID/forest/forest_137.jpg,4
AID/forest/forest_138.jpg,4
AID/forest/forest_139.jpg,4
AID/forest/forest_14.jpg,4
AID/forest/forest_140.jpg,4
AID/forest/forest_141.jpg,4
AID/forest/forest_142.jpg,4
AID/forest/forest_143.jpg,4
AID/forest/forest_144.jpg,4
AID/forest/forest_145.jpg,4
AID/forest/forest_146.jpg,4
AID/forest/forest_147.jpg,4
AID/forest/forest_148.jpg,4
AID/forest/forest_149.jpg,4
AID/forest/forest_15.jpg,4
AID/forest/forest_150.jpg,4
AID/forest/forest_151.jpg,4
AID/forest/forest_152.jpg,4
AID/forest/forest_153.jpg,4
AID/forest/forest_154.jpg,4
AID/forest/forest_155.jpg,4
AID/forest/forest_156.jpg,4
AID/forest/forest_157.jpg,4
AID/forest/forest_158.jpg,4
AID/forest/forest_159.jpg,4
AID/forest/forest_16.jpg,4
AID/forest/forest_160.jpg,4
AID/forest/forest_161.jpg,4
AID/forest/forest_162.jpg,4
AID/forest/forest_163.jpg,4
AID/forest/forest_164.jpg,4
AID/forest/forest_165.jpg,4
AID/forest/forest_166.jpg,4
AID/forest/forest_167.jpg,4
AID/forest/forest_168.jpg,4
AID/forest/forest_169.jpg,4
AID/forest/forest_17.jpg,4
AID/forest/forest_170.jpg,4
AID/medium_residential/mediumresidential_10.jpg,5
AID/medium_residential/mediumresidential_1.jpg,5
AID/medium_residential/mediumresidential_100.jpg,5
AID/medium_residential/mediumresidential_101.jpg,5
AID/medium_residential/mediumresidential_102.jpg,5
AID/medium_residential/mediumresidential_103.jpg,5
AID/medium_residential/mediumresidential_104.jpg,5
AID/medium_residential/mediumresidential_105.jpg,5
AID/medium_residential/mediumresidential_106.jpg,5
AID/medium_residential/mediumresidential_107.jpg,5
AID/medium_residential/mediumresidential_108.jpg,5
AID/medium_residential/mediumresidential_109.jpg,5
AID/medium_residential/mediumresidential_11.jpg,5
AID/medium_residential/mediumresidential_110.jpg,5
AID/medium_residential/mediumresidential_111.jpg,5
AID/medium_residential/mediumresidential_112.jpg,5
AID/medium_residential/mediumresidential_113.jpg,5
AID/medium_residential/mediumresidential_114.jpg,5
AID/medium_residential/mediumresidential_115.jpg,5
AID/medium_residential/mediumresidential_116.jpg,5
AID/medium_residential/mediumresidential_117.jpg,5
AID/medium_residential/mediumresidential_118.jpg,5
AID/medium_residential/mediumresidential_119.jpg,5
AID/medium_residential/mediumresidential_12.jpg,5
AID/medium_residential/mediumresidential_120.jpg,5
AID/medium_residential/mediumresidential_121.jpg,5
AID/medium_residential/mediumresidential_122.jpg,5
AID/medium_residential/mediumresidential_123.jpg,5
AID/medium_residential/mediumresidential_124.jpg,5
AID/medium_residential/mediumresidential_125.jpg,5
AID/medium_residential/mediumresidential_126.jpg,5
AID/medium_residential/mediumresidential_127.jpg,5
AID/medium_residential/mediumresidential_128.jpg,5
AID/medium_residential/mediumresidential_129.jpg,5
AID/medium_residential/mediumresidential_13.jpg,5
AID/medium_residential/mediumresidential_130.jpg,5
AID/medium_residential/mediumresidential_131.jpg,5
AID/medium_residential/mediumresidential_132.jpg,5
AID/medium_residential/mediumresidential_133.jpg,5
AID/medium_residential/mediumresidential_134.jpg,5
AID/medium_residential/mediumresidential_135.jpg,5
AID/medium_residential/mediumresidential_136.jpg,5
AID/medium_residential/mediumresidential_137.jpg,5
AID/medium_residential/mediumresidential_138.jpg,5
AID/medium_residential/mediumresidential_139.jpg,5
AID/medium_residential/mediumresidential_14.jpg,5
AID/medium_residential/mediumresidential_140.jpg,5
AID/medium_residential/mediumresidential_141.jpg,5
AID/medium_residential/mediumresidential_142.jpg,5
AID/medium_residential/mediumresidential_143.jpg,5
AID/medium_residential/mediumresidential_144.jpg,5
AID/medium_residential/mediumresidential_145.jpg,5
AID/medium_residential/mediumresidential_146.jpg,5
AID/medium_residential/mediumresidential_147.jpg,5
AID/medium_residential/mediumresidential_148.jpg,5
AID/medium_residential/mediumresidential_149.jpg,5
AID/medium_residential/mediumresidential_15.jpg,5
AID/medium_residential/mediumresidential_150.jpg,5
AID/medium_residential/mediumresidential_151.jpg,5
AID/medium_residential/mediumresidential_152.jpg,5
AID/medium_residential/mediumresidential_153.jpg,5
AID/medium_residential/mediumresidential_154.jpg,5
AID/medium_residential/mediumresidential_155.jpg,5
AID/medium_residential/mediumresidential_156.jpg,5
AID/medium_residential/mediumresidential_157.jpg,5
AID/medium_residential/mediumresidential_158.jpg,5
AID/medium_residential/mediumresidential_159.jpg,5
AID/medium_residential/mediumresidential_16.jpg,5
AID/medium_residential/mediumresidential_160.jpg,5
AID/medium_residential/mediumresidential_161.jpg,5
AID/medium_residential/mediumresidential_162.jpg,5
AID/medium_residential/mediumresidential_163.jpg,5
AID/medium_residential/mediumresidential_164.jpg,5
AID/medium_residential/mediumresidential_165.jpg,5
AID/medium_residential/mediumresidential_166.jpg,5
AID/medium_residential/mediumresidential_167.jpg,5
AID/medium_residential/mediumresidential_168.jpg,5
AID/medium_residential/mediumresidential_169.jpg,5
AID/medium_residential/mediumresidential_17.jpg,5
AID/medium_residential/mediumresidential_170.jpg,5
AID/parking_lot/parking_1.jpg,6
AID/parking_lot/parking_10.jpg,6
AID/parking_lot/parking_100.jpg,6
AID/parking_lot/parking_101.jpg,6
AID/parking_lot/parking_102.jpg,6
AID/parking_lot/parking_103.jpg,6
AID/parking_lot/parking_104.jpg,6
AID/parking_lot/parking_105.jpg,6
AID/parking_lot/parking_106.jpg,6
AID/parking_lot/parking_107.jpg,6
AID/parking_lot/parking_108.jpg,6
AID/parking_lot/parking_109.jpg,6
AID/parking_lot/parking_11.jpg,6
AID/parking_lot/parking_110.jpg,6
AID/parking_lot/parking_111.jpg,6
AID/parking_lot/parking_112.jpg,6
AID/parking_lot/parking_113.jpg,6
AID/parking_lot/parking_114.jpg,6
AID/parking_lot/parking_115.jpg,6
AID/parking_lot/parking_116.jpg,6
AID/parking_lot/parking_117.jpg,6
AID/parking_lot/parking_118.jpg,6
AID/parking_lot/parking_119.jpg,6
AID/parking_lot/parking_12.jpg,6
AID/parking_lot/parking_120.jpg,6
AID/parking_lot/parking_121.jpg,6
AID/parking_lot/parking_122.jpg,6
AID/parking_lot/parking_123.jpg,6
AID/parking_lot/parking_124.jpg,6
AID/parking_lot/parking_125.jpg,6
AID/parking_lot/parking_126.jpg,6
AID/parking_lot/parking_127.jpg,6
AID/parking_lot/parking_128.jpg,6
AID/parking_lot/parking_129.jpg,6
AID/parking_lot/parking_13.jpg,6
AID/parking_lot/parking_130.jpg,6
AID/parking_lot/parking_131.jpg,6
AID/parking_lot/parking_132.jpg,6
AID/parking_lot/parking_133.jpg,6
AID/parking_lot/parking_134.jpg,6
AID/parking_lot/parking_135.jpg,6
AID/parking_lot/parking_136.jpg,6
AID/parking_lot/parking_137.jpg,6
AID/parking_lot/parking_138.jpg,6
AID/parking_lot/parking_139.jpg,6
AID/parking_lot/parking_14.jpg,6
AID/parking_lot/parking_140.jpg,6
AID/parking_lot/parking_141.jpg,6
AID/parking_lot/parking_142.jpg,6
AID/parking_lot/parking_143.jpg,6
AID/parking_lot/parking_144.jpg,6
AID/parking_lot/parking_145.jpg,6
AID/parking_lot/parking_146.jpg,6
AID/parking_lot/parking_147.jpg,6
AID/parking_lot/parking_148.jpg,6
AID/parking_lot/parking_149.jpg,6
AID/parking_lot/parking_15.jpg,6
AID/parking_lot/parking_150.jpg,6
AID/parking_lot/parking_151.jpg,6
AID/parking_lot/parking_152.jpg,6
AID/parking_lot/parking_153.jpg,6
AID/parking_lot/parking_154.jpg,6
AID/parking_lot/parking_155.jpg,6
AID/parking_lot/parking_156.jpg,6
AID/parking_lot/parking_157.jpg,6
AID/parking_lot/parking_158.jpg,6
AID/parking_lot/parking_159.jpg,6
AID/parking_lot/parking_16.jpg,6
AID/parking_lot/parking_160.jpg,6
AID/parking_lot/parking_161.jpg,6
AID/parking_lot/parking_162.jpg,6
AID/parking_lot/parking_163.jpg,6
AID/parking_lot/parking_164.jpg,6
AID/parking_lot/parking_165.jpg,6
AID/parking_lot/parking_166.jpg,6
AID/parking_lot/parking_167.jpg,6
AID/parking_lot/parking_168.jpg,6
AID/parking_lot/parking_169.jpg,6
AID/parking_lot/parking_17.jpg,6
AID/parking_lot/parking_170.jpg,6
